[
    {
        "victim": "",
        "attacker": "",
        "releasedate": "",
        "victimsector": "",
        "victimcountry": "",
        "detectiondate": "",
        "findingnote": "",
        "imageuuid": "",
        "imagebase64": "",
        "hashtags": ""
    },
    {
        "victim": "Studio MF",
        "attacker": "Akira",
        "releasedate": "2023-12-11 13:39",
        "victimsector": "Unknown",
        "victimcountry": "Unknown",
        "detectiondate": "2023-12-11 13:39",
        "findingnote": "According to the findings obtained by RansomInformer through Threat Intelligence activities conducted on Deepweb and Darkweb, Akira Ransomware Group has reported that it has encrypted the data belonging to the institution or organisation specified as the victim in the above text and demanded a ransom.",
        "imageuuid": "",
        "imagebase64": "",
        "hashtags": "#Akira #Ransomware #Attack"
    }
]