[
    {
        "keyword": "health",
        "sector": "Health"
    },
    {
        "keyword": "healthcare",
        "sector": "Health"
    },
    {
        "keyword": "School",
        "sector": "Education"
    },
    {
        "keyword": "Transport",
        "sector": "Logistic"
    },
    {
        "keyword": "Detention",
        "sector": "Government"
    },
    {
        "keyword": "Hospital",
        "sector": "Health"
    },
    {
        "keyword": "Universitaria",
        "sector": "Education"
    },
    {
        "keyword": "University",
        "sector": "Education"
    },
    {
        "keyword": "Chemical",
        "sector": "Chemical"
    },
    {
        "keyword": "Maritime",
        "sector": "Maritime"
    },
    {
        "keyword": "Petroleum",
        "sector": "Energy"
    },
    {
        "keyword": "Hospi tal",
        "sector": "Health"
    },
    {
        "keyword": "Medical",
        "sector": "Health"
    },
    {
        "keyword": "Energy",
        "sector": "Energy"
    },
    {
        "keyword": "Automobile",
        "sector": "Automotive"
    },
    {
        "keyword": "Aviation",
        "sector": "Aviation"
    },
    {
        "keyword": "Assurance",
        "sector": "Insurance"
    },
    {
        "keyword": "Insurance",
        "sector": "Insurance"
    },
    {
        "keyword": "law",
        "sector": "Legal"
    },
    {
        "keyword": "lawyer",
        "sector": "Legal"
    },
    {
        "keyword": "Pharmaceuticals",
        "sector": "Health"
    },
    {
        "keyword": "Orchestra",
        "sector": "Art"
    },
    {
        "keyword": "Town of",
        "sector": "Government"
    },
    {
        "keyword": "Telecommunications",
        "sector": "Telecommunication"
    },
    {
        "keyword": "Underwriters",
        "sector": "Insurance"
    },
    {
        "keyword": "Underwriter",
        "sector": "Insurance"
    },
    {
        "keyword": "bank",
        "sector": "Banking"
    },
    {
        "keyword": "Academy",
        "sector": "Education"
    },
    {
        "keyword": "Store",
        "sector": "Retail"
    },
    {
        "keyword": "Business",
        "sector": "Business Sector"
    },
    {
        "keyword": "Tech Industries",
        "sector": "Technology"
    },
    {
        "keyword": "College",
        "sector": "Education"
    },
    {
        "keyword": "Biomedical",
        "sector": "Health"
    },
    {
        "keyword": "Ministries",
        "sector": "Government"
    },
    {
        "keyword": "Ministry",
        "sector": "Government"
    },
    {
        "keyword": "Manufacturing",
        "sector": "Manufacturing"
    },
    {
        "keyword": "Air Canada",
        "sector": "Aerospace"
    },
    {
        "keyword": "Motel",
        "sector": "Travel"
    },
    {
        "keyword": "Hotel",
        "sector": "Travel"
    },
    {
        "keyword": "Real Estate",
        "sector": "Real Estate"
    },
    {
        "keyword": "Church",
        "sector": "Church"
    },
    {
        "keyword": "Finance",
        "sector": "Finance"
    },
    {
        "keyword": "Logistics",
        "sector": "Logistic"
    },
    {
        "keyword": "Institute",
        "sector": "Education"
    },
    {
        "keyword": "construction",
        "sector": "Construction"
    },
    {
        "keyword": "motor",
        "sector": "Automotive"
    },
    {
        "keyword": "Turkey Farms",
        "sector": "Farming"
    },
    {
        "keyword": "Farms",
        "sector": "Farming"
    },
    {
        "keyword": "airways",
        "sector": "Aerospace"
    },
    {
        "keyword": "Farm",
        "sector": "Farming"
    },
    {
        "keyword": "building",
        "sector": "Construction"
    },
    {
        "keyword": "Districts",
        "sector": "Government"
    }
]