[
    {
        "group_name": "lorenz",
        "new_group_name": "Lorenz"
    },
    {
        "group_name": "lockbit2",
        "new_group_name": "LockBit 2.0"
    },
    {
        "group_name": "lockbit3",
        "new_group_name": "LockBit 3.0"
    },
    {
        "group_name": "ragnarlocker",
        "new_group_name": "RagnarLocker"
    },
    {
        "group_name": "avoslocker",
        "new_group_name": "AvosLocker"
    },
    {
        "group_name": "xinglocker",
        "new_group_name": "XingLocker"
    },
    {
        "group_name": "suncrypt",
        "new_group_name": "SunCrypt"
    },
    {
        "group_name": "arvinclub",
        "new_group_name": "ArvinClub"
    },
    {
        "group_name": "quantum",
        "new_group_name": "Quantum"
    },
    {
        "group_name": "alphv",
        "new_group_name": "AlpHV"
    },
    {
        "group_name": "avaddon",
        "new_group_name": "Avaddon"
    },
    {
        "group_name": "clop",
        "new_group_name": "Cl0p"
    },
    {
        "group_name": "revil",
        "new_group_name": "Revil"
    },
    {
        "group_name": "everest",
        "new_group_name": "Everest"
    },
    {
        "group_name": "ragnarok",
        "new_group_name": "Ragnarok"
    },
    {
        "group_name": "conti",
        "new_group_name": "Conti"
    },
    {
        "group_name": "pysa",
        "new_group_name": "Pysa"
    },
    {
        "group_name": "nefilim",
        "new_group_name": "Nefilim"
    },
    {
        "group_name": "ESKI_ISIM",
        "new_group_name": "YENI_ISIM"
    },
    {
        "group_name": "mountlocker",
        "new_group_name": "MountLocker"
    },
    {
        "group_name": "babuk",
        "new_group_name": "Babuk"
    },
    {
        "group_name": "ransomexx",
        "new_group_name": "RansomEXX"
    },
    {
        "group_name": "cuba",
        "new_group_name": "Cuba"
    },
    {
        "group_name": "pay2key",
        "new_group_name": "Pay2Key"
    },
    {
        "group_name": "azroteam",
        "new_group_name": "AzroTeam"
    },
    {
        "group_name": "lockdata",
        "new_group_name": "LockData"
    },
    {
        "group_name": "blacktor",
        "new_group_name": "BlackTOR"
    },
    {
        "group_name": "darkleakmarket",
        "new_group_name": "DarkLeakMarket"
    },
    {
        "group_name": "blackmatter",
        "new_group_name": "BlackMatter"
    },
    {
        "group_name": "payloadbin",
        "new_group_name": "PayloadBin"
    },
    {
        "group_name": "groove",
        "new_group_name": "Groove"
    },
    {
        "group_name": "bonacigroup",
        "new_group_name": "BonaciGroup"
    },
    {
        "group_name": "blackbyte",
        "new_group_name": "BlackByte"
    },
    {
        "group_name": "karma",
        "new_group_name": "Karma"
    },
    {
        "group_name": "spook",
        "new_group_name": "Spook"
    },
    {
        "group_name": "lv",
        "new_group_name": "LvBlog"
    },
    {
        "group_name": "sabbath",
        "new_group_name": "Sabbath"
    },
    {
        "group_name": "snatch",
        "new_group_name": "Snatch"
    },
    {
        "group_name": "midas",
        "new_group_name": "Midas"
    },
    {
        "group_name": "robinhood",
        "new_group_name": "RobinHood"
    },
    {
        "group_name": "rook",
        "new_group_name": "Rook"
    },
    {
        "group_name": "marketo",
        "new_group_name": "Marketo"
    },
    {
        "group_name": "cryp70n1c0d3",
        "new_group_name": "Cryp70n1C0d3"
    },
    {
        "group_name": "hiveleak",
        "new_group_name": "Hive"
    },
    {
        "group_name": "blackshadow",
        "new_group_name": "BlackShadow"
    },
    {
        "group_name": "mosesstaff",
        "new_group_name": "MosesStaff"
    },
    {
        "group_name": "atomsilo",
        "new_group_name": "AtomSilo"
    },
    {
        "group_name": "vicesociety",
        "new_group_name": "ViceSociety"
    },
    {
        "group_name": "leaktheanalyst",
        "new_group_name": "LeakTheAnalyst"
    },
    {
        "group_name": "nightsky",
        "new_group_name": "NightSky"
    },
    {
        "group_name": "pandora",
        "new_group_name": "Pandora"
    },
    {
        "group_name": "stormous",
        "new_group_name": "Stormous"
    },
    {
        "group_name": "kelvinsecurity",
        "new_group_name": "KelvinSecurity"
    },
    {
        "group_name": "blackbasta",
        "new_group_name": "BlackBasta"
    },
    {
        "group_name": "onyx",
        "new_group_name": "Onyx"
    },
    {
        "group_name": "mindware",
        "new_group_name": "MindWare"
    },
    {
        "group_name": "ransomhouse",
        "new_group_name": "RansomHouse"
    },
    {
        "group_name": "cheers",
        "new_group_name": "Cheers"
    },
    {
        "group_name": "yanluowang",
        "new_group_name": "YanluoWang"
    },
    {
        "group_name": "0mega",
        "new_group_name": "0mega"
    },
    {
        "group_name": "bianlian",
        "new_group_name": "BianLian"
    },
    {
        "group_name": "redalert",
        "new_group_name": "RedAlert"
    },
    {
        "group_name": "daixin",
        "new_group_name": "Daixin"
    },
    {
        "group_name": "icefire",
        "new_group_name": "IceFire"
    },
    {
        "group_name": "donutleaks",
        "new_group_name": "DonutLeaks"
    },
    {
        "group_name": "sparta",
        "new_group_name": "Sparta"
    },
    {
        "group_name": "qilin",
        "new_group_name": "Qilin"
    },
    {
        "group_name": "shaoleaks",
        "new_group_name": "ShaoLeaks"
    },
    {
        "group_name": "mallox",
        "new_group_name": "Mallox"
    },
    {
        "group_name": "royal",
        "new_group_name": "Royal"
    },
    {
        "group_name": "projectrelic",
        "new_group_name": "ProjectTrellic"
    },
    {
        "group_name": "ransomblog_noname",
        "new_group_name": "Noname"
    },
    {
        "group_name": "dataleak",
        "new_group_name": "DataLeak"
    },
    {
        "group_name": "play",
        "new_group_name": "Play"
    },
    {
        "group_name": "karakurt",
        "new_group_name": "Karakurt"
    },
    {
        "group_name": "monti",
        "new_group_name": "Monti"
    },
    {
        "group_name": "unsafeleak",
        "new_group_name": "UnsafeLeak"
    },
    {
        "group_name": "nokoyawa",
        "new_group_name": "Nokoyawa"
    },
    {
        "group_name": "freecivilian",
        "new_group_name": "FreeCivilian"
    },
    {
        "group_name": "vendetta",
        "new_group_name": "Vendetta"
    },
    {
        "group_name": "medusa",
        "new_group_name": "Medusa"
    },
    {
        "group_name": "abyss",
        "new_group_name": "Abyss"
    },
    {
        "group_name": "moneymessage",
        "new_group_name": "MoneyMessage"
    },
    {
        "group_name": "dunghill_leak",
        "new_group_name": "Dunghill"
    },
    {
        "group_name": "trigona",
        "new_group_name": "Trigona"
    },
    {
        "group_name": "crosslock",
        "new_group_name": "Crosslock"
    },
    {
        "group_name": "akira",
        "new_group_name": "Akira"
    },
    {
        "group_name": "cryptnet",
        "new_group_name": "CryptNet"
    },
    {
        "group_name": "ragroup",
        "new_group_name": "RaGroup"
    },
    {
        "group_name": "8base",
        "new_group_name": "8Base"
    },
    {
        "group_name": "malas",
        "new_group_name": "Malas"
    },
    {
        "group_name": "blacksuit",
        "new_group_name": "BlackSuit"
    },
    {
        "group_name": "rancoz",
        "new_group_name": "Rancoz"
    },
    {
        "group_name": "darkrace",
        "new_group_name": "DarkRace"
    },
    {
        "group_name": "rhysida",
        "new_group_name": "Rhysida"
    },
    {
        "group_name": "noescape",
        "new_group_name": "NoEscape"
    },
    {
        "group_name": "knight",
        "new_group_name": "Knight"
    },
    {
        "group_name": "cactus",
        "new_group_name": "Cactus"
    },
    {
        "group_name": "incransom",
        "new_group_name": "IncRansom"
    },
    {
        "group_name": "metaencryptor",
        "new_group_name": "MetaEncryptor"
    },
    {
        "group_name": "cloak",
        "new_group_name": "Cloak"
    },
    {
        "group_name": "ransomedvc",
        "new_group_name": "RansomedVC"
    },
    {
        "group_name": "ciphbit",
        "new_group_name": "CiphBit"
    },
    {
        "group_name": "threeam",
        "new_group_name": "Threeam"
    },
    {
        "group_name": "cryptbb",
        "new_group_name": "CryptBB"
    },
    {
        "group_name": "losttrust",
        "new_group_name": "LostTrust"
    }
]